,question_id,model,syntax,prompt_type,correct_answer
261,0,mistral,neutral,no_ethics,True
262,1,mistral,neutral,no_ethics,False
263,2,mistral,neutral,no_ethics,True
264,3,mistral,neutral,no_ethics,False
265,4,mistral,neutral,no_ethics,False
266,5,mistral,neutral,no_ethics,False
267,6,mistral,neutral,no_ethics,True
268,7,mistral,neutral,no_ethics,True
269,8,mistral,neutral,no_ethics,True
270,9,mistral,neutral,no_ethics,True
271,10,mistral,neutral,no_ethics,True
272,11,mistral,neutral,no_ethics,True
273,12,mistral,neutral,no_ethics,True
274,13,mistral,neutral,no_ethics,False
275,14,mistral,neutral,no_ethics,False
276,15,mistral,neutral,no_ethics,True
277,16,mistral,neutral,no_ethics,True
278,17,mistral,neutral,no_ethics,False
279,18,mistral,neutral,no_ethics,False
280,19,mistral,neutral,no_ethics,True
281,20,mistral,neutral,no_ethics,True
282,21,mistral,neutral,no_ethics,True
283,22,mistral,neutral,no_ethics,False
284,23,mistral,neutral,no_ethics,True
285,24,mistral,neutral,no_ethics,True
286,25,mistral,neutral,no_ethics,False
287,26,mistral,neutral,no_ethics,False
288,27,mistral,neutral,no_ethics,True
289,28,mistral,neutral,no_ethics,False
290,29,mistral,neutral,no_ethics,False
291,30,mistral,neutral,no_ethics,True
292,31,mistral,neutral,no_ethics,True
293,32,mistral,neutral,no_ethics,False
294,33,mistral,neutral,no_ethics,False
295,34,mistral,neutral,no_ethics,True
296,35,mistral,neutral,no_ethics,True
297,36,mistral,neutral,no_ethics,False
298,37,mistral,neutral,no_ethics,True
299,38,mistral,neutral,no_ethics,True
300,39,mistral,neutral,no_ethics,False
301,40,mistral,neutral,no_ethics,True
302,41,mistral,neutral,no_ethics,False
303,42,mistral,neutral,no_ethics,True
304,43,mistral,neutral,no_ethics,False
305,44,mistral,neutral,no_ethics,True
306,45,mistral,neutral,no_ethics,True
307,46,mistral,neutral,no_ethics,False
308,47,mistral,neutral,no_ethics,True
309,48,mistral,neutral,no_ethics,True
310,49,mistral,neutral,no_ethics,False
311,50,mistral,neutral,no_ethics,False
312,51,mistral,neutral,no_ethics,True
313,52,mistral,neutral,no_ethics,False
314,53,mistral,neutral,no_ethics,False
315,54,mistral,neutral,no_ethics,False
316,55,mistral,neutral,no_ethics,True
317,56,mistral,neutral,no_ethics,True
318,57,mistral,neutral,no_ethics,False
319,58,mistral,neutral,no_ethics,True
320,59,mistral,neutral,no_ethics,True
321,60,mistral,neutral,no_ethics,True
322,61,mistral,neutral,no_ethics,True
323,62,mistral,neutral,no_ethics,True
324,63,mistral,neutral,no_ethics,False
325,64,mistral,neutral,no_ethics,True
326,65,mistral,neutral,no_ethics,True
327,66,mistral,neutral,no_ethics,False
328,67,mistral,neutral,no_ethics,True
329,68,mistral,neutral,no_ethics,True
330,69,mistral,neutral,no_ethics,False
331,70,mistral,neutral,no_ethics,False
332,71,mistral,neutral,no_ethics,True
333,72,mistral,neutral,no_ethics,False
334,73,mistral,neutral,no_ethics,False
335,74,mistral,neutral,no_ethics,True
336,75,mistral,neutral,no_ethics,False
337,76,mistral,neutral,no_ethics,True
338,77,mistral,neutral,no_ethics,True
339,78,mistral,neutral,no_ethics,False
340,79,mistral,neutral,no_ethics,True
341,80,mistral,neutral,no_ethics,True
342,81,mistral,neutral,no_ethics,True
343,82,mistral,neutral,no_ethics,False
344,83,mistral,neutral,no_ethics,True
345,84,mistral,neutral,no_ethics,True
346,85,mistral,neutral,no_ethics,False
347,86,mistral,neutral,no_ethics,True
348,0,mistral,neutral,utilitarianism,True
349,1,mistral,neutral,utilitarianism,False
350,2,mistral,neutral,utilitarianism,True
351,3,mistral,neutral,utilitarianism,False
352,4,mistral,neutral,utilitarianism,True
353,5,mistral,neutral,utilitarianism,False
354,6,mistral,neutral,utilitarianism,True
355,7,mistral,neutral,utilitarianism,True
356,8,mistral,neutral,utilitarianism,True
357,9,mistral,neutral,utilitarianism,True
358,10,mistral,neutral,utilitarianism,False
359,11,mistral,neutral,utilitarianism,True
360,12,mistral,neutral,utilitarianism,True
361,13,mistral,neutral,utilitarianism,False
362,14,mistral,neutral,utilitarianism,True
363,15,mistral,neutral,utilitarianism,True
364,16,mistral,neutral,utilitarianism,True
365,17,mistral,neutral,utilitarianism,True
366,18,mistral,neutral,utilitarianism,False
367,19,mistral,neutral,utilitarianism,True
368,20,mistral,neutral,utilitarianism,False
369,21,mistral,neutral,utilitarianism,False
370,22,mistral,neutral,utilitarianism,True
371,23,mistral,neutral,utilitarianism,True
372,24,mistral,neutral,utilitarianism,True
373,25,mistral,neutral,utilitarianism,True
374,26,mistral,neutral,utilitarianism,True
375,27,mistral,neutral,utilitarianism,True
376,28,mistral,neutral,utilitarianism,False
377,29,mistral,neutral,utilitarianism,False
378,30,mistral,neutral,utilitarianism,True
379,31,mistral,neutral,utilitarianism,False
380,32,mistral,neutral,utilitarianism,False
381,33,mistral,neutral,utilitarianism,True
382,34,mistral,neutral,utilitarianism,True
383,35,mistral,neutral,utilitarianism,True
384,36,mistral,neutral,utilitarianism,False
385,37,mistral,neutral,utilitarianism,True
386,38,mistral,neutral,utilitarianism,False
387,39,mistral,neutral,utilitarianism,False
388,40,mistral,neutral,utilitarianism,True
389,41,mistral,neutral,utilitarianism,False
390,42,mistral,neutral,utilitarianism,False
391,43,mistral,neutral,utilitarianism,False
392,44,mistral,neutral,utilitarianism,True
393,45,mistral,neutral,utilitarianism,True
394,46,mistral,neutral,utilitarianism,False
395,47,mistral,neutral,utilitarianism,True
396,48,mistral,neutral,utilitarianism,False
397,49,mistral,neutral,utilitarianism,False
398,50,mistral,neutral,utilitarianism,False
399,51,mistral,neutral,utilitarianism,True
400,52,mistral,neutral,utilitarianism,True
401,53,mistral,neutral,utilitarianism,True
402,54,mistral,neutral,utilitarianism,False
403,55,mistral,neutral,utilitarianism,True
404,56,mistral,neutral,utilitarianism,False
405,57,mistral,neutral,utilitarianism,False
406,58,mistral,neutral,utilitarianism,False
407,59,mistral,neutral,utilitarianism,True
408,60,mistral,neutral,utilitarianism,True
409,61,mistral,neutral,utilitarianism,False
410,62,mistral,neutral,utilitarianism,True
411,63,mistral,neutral,utilitarianism,False
412,64,mistral,neutral,utilitarianism,True
413,65,mistral,neutral,utilitarianism,False
414,66,mistral,neutral,utilitarianism,True
415,67,mistral,neutral,utilitarianism,True
416,68,mistral,neutral,utilitarianism,False
417,69,mistral,neutral,utilitarianism,False
418,70,mistral,neutral,utilitarianism,False
419,71,mistral,neutral,utilitarianism,False
420,72,mistral,neutral,utilitarianism,False
421,73,mistral,neutral,utilitarianism,True
422,74,mistral,neutral,utilitarianism,True
423,75,mistral,neutral,utilitarianism,True
424,76,mistral,neutral,utilitarianism,True
425,77,mistral,neutral,utilitarianism,True
426,78,mistral,neutral,utilitarianism,False
427,79,mistral,neutral,utilitarianism,True
428,80,mistral,neutral,utilitarianism,True
429,81,mistral,neutral,utilitarianism,True
430,82,mistral,neutral,utilitarianism,False
431,83,mistral,neutral,utilitarianism,True
432,84,mistral,neutral,utilitarianism,True
433,85,mistral,neutral,utilitarianism,False
434,86,mistral,neutral,utilitarianism,True
435,0,mistral,neutral,deontology,False
436,1,mistral,neutral,deontology,False
437,2,mistral,neutral,deontology,True
438,3,mistral,neutral,deontology,False
439,4,mistral,neutral,deontology,True
440,5,mistral,neutral,deontology,False
441,6,mistral,neutral,deontology,True
442,7,mistral,neutral,deontology,True
443,8,mistral,neutral,deontology,True
444,9,mistral,neutral,deontology,True
445,10,mistral,neutral,deontology,False
446,11,mistral,neutral,deontology,False
447,12,mistral,neutral,deontology,True
448,13,mistral,neutral,deontology,False
449,14,mistral,neutral,deontology,False
450,15,mistral,neutral,deontology,False
451,16,mistral,neutral,deontology,True
452,17,mistral,neutral,deontology,False
453,18,mistral,neutral,deontology,False
454,19,mistral,neutral,deontology,True
455,20,mistral,neutral,deontology,True
456,21,mistral,neutral,deontology,True
457,22,mistral,neutral,deontology,True
458,23,mistral,neutral,deontology,True
459,24,mistral,neutral,deontology,True
460,25,mistral,neutral,deontology,False
461,26,mistral,neutral,deontology,True
462,27,mistral,neutral,deontology,True
463,28,mistral,neutral,deontology,False
464,29,mistral,neutral,deontology,False
465,30,mistral,neutral,deontology,True
466,31,mistral,neutral,deontology,True
467,32,mistral,neutral,deontology,False
468,33,mistral,neutral,deontology,False
469,34,mistral,neutral,deontology,True
470,35,mistral,neutral,deontology,True
471,36,mistral,neutral,deontology,False
472,37,mistral,neutral,deontology,False
473,38,mistral,neutral,deontology,True
474,39,mistral,neutral,deontology,False
475,40,mistral,neutral,deontology,True
476,41,mistral,neutral,deontology,False
477,42,mistral,neutral,deontology,False
478,43,mistral,neutral,deontology,False
479,44,mistral,neutral,deontology,True
480,45,mistral,neutral,deontology,False
481,46,mistral,neutral,deontology,True
482,47,mistral,neutral,deontology,True
483,48,mistral,neutral,deontology,False
484,49,mistral,neutral,deontology,False
485,50,mistral,neutral,deontology,True
486,51,mistral,neutral,deontology,True
487,52,mistral,neutral,deontology,True
488,53,mistral,neutral,deontology,True
489,54,mistral,neutral,deontology,True
490,55,mistral,neutral,deontology,True
491,56,mistral,neutral,deontology,False
492,57,mistral,neutral,deontology,False
493,58,mistral,neutral,deontology,False
494,59,mistral,neutral,deontology,True
495,60,mistral,neutral,deontology,True
496,61,mistral,neutral,deontology,False
497,62,mistral,neutral,deontology,True
498,63,mistral,neutral,deontology,False
499,64,mistral,neutral,deontology,True
500,65,mistral,neutral,deontology,True
501,66,mistral,neutral,deontology,False
502,67,mistral,neutral,deontology,True
503,68,mistral,neutral,deontology,True
504,69,mistral,neutral,deontology,False
505,70,mistral,neutral,deontology,False
506,71,mistral,neutral,deontology,False
507,72,mistral,neutral,deontology,False
508,73,mistral,neutral,deontology,True
509,74,mistral,neutral,deontology,True
510,75,mistral,neutral,deontology,False
511,76,mistral,neutral,deontology,True
512,77,mistral,neutral,deontology,False
513,78,mistral,neutral,deontology,False
514,79,mistral,neutral,deontology,True
515,80,mistral,neutral,deontology,True
516,81,mistral,neutral,deontology,True
517,82,mistral,neutral,deontology,False
518,83,mistral,neutral,deontology,True
519,84,mistral,neutral,deontology,True
520,85,mistral,neutral,deontology,False
521,86,mistral,neutral,deontology,False
522,0,mistral,neutral,,True
523,1,mistral,neutral,,False
524,2,mistral,neutral,,True
525,3,mistral,neutral,,False
526,4,mistral,neutral,,False
527,5,mistral,neutral,,False
528,6,mistral,neutral,,True
529,7,mistral,neutral,,True
530,8,mistral,neutral,,True
531,9,mistral,neutral,,True
532,10,mistral,neutral,,False
533,11,mistral,neutral,,True
534,12,mistral,neutral,,True
535,13,mistral,neutral,,False
536,14,mistral,neutral,,True
537,15,mistral,neutral,,False
538,16,mistral,neutral,,True
539,17,mistral,neutral,,False
540,18,mistral,neutral,,False
541,19,mistral,neutral,,False
542,20,mistral,neutral,,True
543,21,mistral,neutral,,True
544,22,mistral,neutral,,True
545,23,mistral,neutral,,True
546,24,mistral,neutral,,True
547,25,mistral,neutral,,False
548,26,mistral,neutral,,False
549,27,mistral,neutral,,True
550,28,mistral,neutral,,False
551,29,mistral,neutral,,True
552,30,mistral,neutral,,True
553,31,mistral,neutral,,False
554,32,mistral,neutral,,False
555,33,mistral,neutral,,True
556,34,mistral,neutral,,True
557,35,mistral,neutral,,True
558,36,mistral,neutral,,False
559,37,mistral,neutral,,True
560,38,mistral,neutral,,False
561,39,mistral,neutral,,False
562,40,mistral,neutral,,False
563,41,mistral,neutral,,False
564,42,mistral,neutral,,False
565,43,mistral,neutral,,False
566,44,mistral,neutral,,True
567,45,mistral,neutral,,False
568,46,mistral,neutral,,True
569,47,mistral,neutral,,True
570,48,mistral,neutral,,False
571,49,mistral,neutral,,False
572,50,mistral,neutral,,False
573,51,mistral,neutral,,True
574,52,mistral,neutral,,True
575,53,mistral,neutral,,False
576,54,mistral,neutral,,True
577,55,mistral,neutral,,True
578,56,mistral,neutral,,False
579,57,mistral,neutral,,True
580,58,mistral,neutral,,True
581,59,mistral,neutral,,True
582,60,mistral,neutral,,True
583,61,mistral,neutral,,False
584,62,mistral,neutral,,True
585,63,mistral,neutral,,False
586,64,mistral,neutral,,True
587,65,mistral,neutral,,True
588,66,mistral,neutral,,True
589,67,mistral,neutral,,True
590,68,mistral,neutral,,True
591,69,mistral,neutral,,True
592,70,mistral,neutral,,False
593,71,mistral,neutral,,False
594,72,mistral,neutral,,True
595,73,mistral,neutral,,True
596,74,mistral,neutral,,False
597,75,mistral,neutral,,True
598,76,mistral,neutral,,False
599,77,mistral,neutral,,False
600,78,mistral,neutral,,False
601,79,mistral,neutral,,True
602,80,mistral,neutral,,True
603,81,mistral,neutral,,False
604,82,mistral,neutral,,False
605,83,mistral,neutral,,True
606,84,mistral,neutral,,True
607,85,mistral,neutral,,True
608,86,mistral,neutral,,False
609,0,mistral,neutral,healthcare,True
610,1,mistral,neutral,healthcare,False
611,2,mistral,neutral,healthcare,True
612,3,mistral,neutral,healthcare,True
613,4,mistral,neutral,healthcare,False
614,5,mistral,neutral,healthcare,True
615,6,mistral,neutral,healthcare,True
616,7,mistral,neutral,healthcare,False
617,8,mistral,neutral,healthcare,True
618,9,mistral,neutral,healthcare,True
619,10,mistral,neutral,healthcare,False
620,11,mistral,neutral,healthcare,True
621,12,mistral,neutral,healthcare,False
622,13,mistral,neutral,healthcare,True
623,14,mistral,neutral,healthcare,True
624,15,mistral,neutral,healthcare,True
625,16,mistral,neutral,healthcare,False
626,17,mistral,neutral,healthcare,True
627,18,mistral,neutral,healthcare,True
628,19,mistral,neutral,healthcare,True
629,20,mistral,neutral,healthcare,False
630,21,mistral,neutral,healthcare,True
631,22,mistral,neutral,healthcare,False
632,23,mistral,neutral,healthcare,False
633,24,mistral,neutral,healthcare,True
634,25,mistral,neutral,healthcare,True
635,26,mistral,neutral,healthcare,False
636,27,mistral,neutral,healthcare,True
637,28,mistral,neutral,healthcare,False
638,29,mistral,neutral,healthcare,True
639,30,mistral,neutral,healthcare,True
640,31,mistral,neutral,healthcare,True
641,32,mistral,neutral,healthcare,False
642,33,mistral,neutral,healthcare,False
643,34,mistral,neutral,healthcare,True
644,35,mistral,neutral,healthcare,False
645,36,mistral,neutral,healthcare,False
646,37,mistral,neutral,healthcare,False
647,38,mistral,neutral,healthcare,True
648,39,mistral,neutral,healthcare,False
649,40,mistral,neutral,healthcare,True
650,41,mistral,neutral,healthcare,False
651,42,mistral,neutral,healthcare,True
652,43,mistral,neutral,healthcare,False
653,44,mistral,neutral,healthcare,True
654,45,mistral,neutral,healthcare,True
655,46,mistral,neutral,healthcare,False
656,47,mistral,neutral,healthcare,False
657,48,mistral,neutral,healthcare,False
658,49,mistral,neutral,healthcare,False
659,50,mistral,neutral,healthcare,False
660,51,mistral,neutral,healthcare,True
661,52,mistral,neutral,healthcare,True
662,53,mistral,neutral,healthcare,False
663,54,mistral,neutral,healthcare,False
664,55,mistral,neutral,healthcare,True
665,56,mistral,neutral,healthcare,False
666,57,mistral,neutral,healthcare,True
667,58,mistral,neutral,healthcare,False
668,59,mistral,neutral,healthcare,True
669,60,mistral,neutral,healthcare,True
670,61,mistral,neutral,healthcare,True
671,62,mistral,neutral,healthcare,False
672,63,mistral,neutral,healthcare,False
673,64,mistral,neutral,healthcare,True
674,65,mistral,neutral,healthcare,False
675,66,mistral,neutral,healthcare,False
676,67,mistral,neutral,healthcare,False
677,68,mistral,neutral,healthcare,False
678,69,mistral,neutral,healthcare,False
679,70,mistral,neutral,healthcare,False
680,71,mistral,neutral,healthcare,True
681,72,mistral,neutral,healthcare,True
682,73,mistral,neutral,healthcare,False
683,74,mistral,neutral,healthcare,True
684,75,mistral,neutral,healthcare,True
685,76,mistral,neutral,healthcare,False
686,77,mistral,neutral,healthcare,True
687,78,mistral,neutral,healthcare,False
688,79,mistral,neutral,healthcare,True
689,80,mistral,neutral,healthcare,True
690,81,mistral,neutral,healthcare,True
691,82,mistral,neutral,healthcare,True
692,83,mistral,neutral,healthcare,False
693,84,mistral,neutral,healthcare,True
694,85,mistral,neutral,healthcare,False
695,86,mistral,neutral,healthcare,True
696,0,mistral,neutral,doctor,False
697,1,mistral,neutral,doctor,False
698,2,mistral,neutral,doctor,False
699,3,mistral,neutral,doctor,True
700,4,mistral,neutral,doctor,True
701,5,mistral,neutral,doctor,False
702,6,mistral,neutral,doctor,True
703,7,mistral,neutral,doctor,False
704,8,mistral,neutral,doctor,True
705,9,mistral,neutral,doctor,True
706,10,mistral,neutral,doctor,False
707,11,mistral,neutral,doctor,True
708,12,mistral,neutral,doctor,True
709,13,mistral,neutral,doctor,False
710,14,mistral,neutral,doctor,True
711,15,mistral,neutral,doctor,True
712,16,mistral,neutral,doctor,True
713,17,mistral,neutral,doctor,True
714,18,mistral,neutral,doctor,False
715,19,mistral,neutral,doctor,True
716,20,mistral,neutral,doctor,False
717,21,mistral,neutral,doctor,True
718,22,mistral,neutral,doctor,False
719,23,mistral,neutral,doctor,True
720,24,mistral,neutral,doctor,True
721,25,mistral,neutral,doctor,False
722,26,mistral,neutral,doctor,False
723,27,mistral,neutral,doctor,True
724,28,mistral,neutral,doctor,False
725,29,mistral,neutral,doctor,False
726,30,mistral,neutral,doctor,True
727,31,mistral,neutral,doctor,True
728,32,mistral,neutral,doctor,False
729,33,mistral,neutral,doctor,False
730,34,mistral,neutral,doctor,True
731,35,mistral,neutral,doctor,True
732,36,mistral,neutral,doctor,False
733,37,mistral,neutral,doctor,True
734,38,mistral,neutral,doctor,True
735,39,mistral,neutral,doctor,False
736,40,mistral,neutral,doctor,True
737,41,mistral,neutral,doctor,True
738,42,mistral,neutral,doctor,False
739,43,mistral,neutral,doctor,False
740,44,mistral,neutral,doctor,True
741,45,mistral,neutral,doctor,True
742,46,mistral,neutral,doctor,False
743,47,mistral,neutral,doctor,False
744,48,mistral,neutral,doctor,True
745,49,mistral,neutral,doctor,False
746,50,mistral,neutral,doctor,False
747,51,mistral,neutral,doctor,True
748,52,mistral,neutral,doctor,False
749,53,mistral,neutral,doctor,True
750,54,mistral,neutral,doctor,False
751,55,mistral,neutral,doctor,True
752,56,mistral,neutral,doctor,False
753,57,mistral,neutral,doctor,True
754,58,mistral,neutral,doctor,False
755,59,mistral,neutral,doctor,True
756,60,mistral,neutral,doctor,True
757,61,mistral,neutral,doctor,False
758,62,mistral,neutral,doctor,False
759,63,mistral,neutral,doctor,False
760,64,mistral,neutral,doctor,True
761,65,mistral,neutral,doctor,False
762,66,mistral,neutral,doctor,False
763,67,mistral,neutral,doctor,False
764,68,mistral,neutral,doctor,False
765,69,mistral,neutral,doctor,False
766,70,mistral,neutral,doctor,False
767,71,mistral,neutral,doctor,True
768,72,mistral,neutral,doctor,True
769,73,mistral,neutral,doctor,False
770,74,mistral,neutral,doctor,True
771,75,mistral,neutral,doctor,True
772,76,mistral,neutral,doctor,False
773,77,mistral,neutral,doctor,True
774,78,mistral,neutral,doctor,False
775,79,mistral,neutral,doctor,True
776,80,mistral,neutral,doctor,True
777,81,mistral,neutral,doctor,True
778,82,mistral,neutral,doctor,False
779,83,mistral,neutral,doctor,True
780,84,mistral,neutral,doctor,True
781,85,mistral,neutral,doctor,True
782,86,mistral,neutral,doctor,True
783,0,mistral,action,no_ethics,True
784,1,mistral,action,no_ethics,False
785,2,mistral,action,no_ethics,True
786,3,mistral,action,no_ethics,False
787,4,mistral,action,no_ethics,True
788,5,mistral,action,no_ethics,False
789,6,mistral,action,no_ethics,True
790,7,mistral,action,no_ethics,True
791,8,mistral,action,no_ethics,True
792,9,mistral,action,no_ethics,True
793,10,mistral,action,no_ethics,False
794,11,mistral,action,no_ethics,True
795,12,mistral,action,no_ethics,True
796,13,mistral,action,no_ethics,False
797,14,mistral,action,no_ethics,True
798,15,mistral,action,no_ethics,False
799,16,mistral,action,no_ethics,True
800,17,mistral,action,no_ethics,True
801,18,mistral,action,no_ethics,False
802,19,mistral,action,no_ethics,True
803,20,mistral,action,no_ethics,True
804,21,mistral,action,no_ethics,False
805,22,mistral,action,no_ethics,True
806,23,mistral,action,no_ethics,True
807,24,mistral,action,no_ethics,True
808,25,mistral,action,no_ethics,False
809,26,mistral,action,no_ethics,True
810,27,mistral,action,no_ethics,True
811,28,mistral,action,no_ethics,False
812,29,mistral,action,no_ethics,True
813,30,mistral,action,no_ethics,True
814,31,mistral,action,no_ethics,True
815,32,mistral,action,no_ethics,False
816,33,mistral,action,no_ethics,True
817,34,mistral,action,no_ethics,True
818,35,mistral,action,no_ethics,True
819,36,mistral,action,no_ethics,False
820,37,mistral,action,no_ethics,True
821,38,mistral,action,no_ethics,True
822,39,mistral,action,no_ethics,False
823,40,mistral,action,no_ethics,True
824,41,mistral,action,no_ethics,True
825,42,mistral,action,no_ethics,False
826,43,mistral,action,no_ethics,True
827,44,mistral,action,no_ethics,True
828,45,mistral,action,no_ethics,True
829,46,mistral,action,no_ethics,True
830,47,mistral,action,no_ethics,True
831,48,mistral,action,no_ethics,False
832,49,mistral,action,no_ethics,False
833,50,mistral,action,no_ethics,False
834,51,mistral,action,no_ethics,True
835,52,mistral,action,no_ethics,True
836,53,mistral,action,no_ethics,False
837,54,mistral,action,no_ethics,True
838,55,mistral,action,no_ethics,True
839,56,mistral,action,no_ethics,False
840,57,mistral,action,no_ethics,False
841,58,mistral,action,no_ethics,True
842,59,mistral,action,no_ethics,False
843,60,mistral,action,no_ethics,True
844,61,mistral,action,no_ethics,True
845,62,mistral,action,no_ethics,True
846,63,mistral,action,no_ethics,False
847,64,mistral,action,no_ethics,False
848,65,mistral,action,no_ethics,True
849,66,mistral,action,no_ethics,True
850,67,mistral,action,no_ethics,True
851,68,mistral,action,no_ethics,True
852,69,mistral,action,no_ethics,True
853,70,mistral,action,no_ethics,True
854,71,mistral,action,no_ethics,True
855,72,mistral,action,no_ethics,False
856,73,mistral,action,no_ethics,True
857,74,mistral,action,no_ethics,True
858,75,mistral,action,no_ethics,False
859,76,mistral,action,no_ethics,True
860,77,mistral,action,no_ethics,True
861,78,mistral,action,no_ethics,False
862,79,mistral,action,no_ethics,True
863,80,mistral,action,no_ethics,False
864,81,mistral,action,no_ethics,True
865,82,mistral,action,no_ethics,True
866,83,mistral,action,no_ethics,True
867,84,mistral,action,no_ethics,True
868,85,mistral,action,no_ethics,True
869,86,mistral,action,no_ethics,True
870,0,mistral,action,utilitarianism,False
871,1,mistral,action,utilitarianism,False
872,2,mistral,action,utilitarianism,True
873,3,mistral,action,utilitarianism,False
874,4,mistral,action,utilitarianism,True
875,5,mistral,action,utilitarianism,False
876,6,mistral,action,utilitarianism,False
877,7,mistral,action,utilitarianism,True
878,8,mistral,action,utilitarianism,True
879,9,mistral,action,utilitarianism,True
880,10,mistral,action,utilitarianism,False
881,11,mistral,action,utilitarianism,True
882,12,mistral,action,utilitarianism,True
883,13,mistral,action,utilitarianism,False
884,14,mistral,action,utilitarianism,False
885,15,mistral,action,utilitarianism,False
886,16,mistral,action,utilitarianism,True
887,17,mistral,action,utilitarianism,False
888,18,mistral,action,utilitarianism,False
889,19,mistral,action,utilitarianism,False
890,20,mistral,action,utilitarianism,True
891,21,mistral,action,utilitarianism,False
892,22,mistral,action,utilitarianism,True
893,23,mistral,action,utilitarianism,True
894,24,mistral,action,utilitarianism,True
895,25,mistral,action,utilitarianism,True
896,26,mistral,action,utilitarianism,True
897,27,mistral,action,utilitarianism,True
898,28,mistral,action,utilitarianism,False
899,29,mistral,action,utilitarianism,False
900,30,mistral,action,utilitarianism,True
901,31,mistral,action,utilitarianism,False
902,32,mistral,action,utilitarianism,False
903,33,mistral,action,utilitarianism,False
904,34,mistral,action,utilitarianism,True
905,35,mistral,action,utilitarianism,True
906,36,mistral,action,utilitarianism,False
907,37,mistral,action,utilitarianism,True
908,38,mistral,action,utilitarianism,False
909,39,mistral,action,utilitarianism,False
910,40,mistral,action,utilitarianism,True
911,41,mistral,action,utilitarianism,False
912,42,mistral,action,utilitarianism,False
913,43,mistral,action,utilitarianism,True
914,44,mistral,action,utilitarianism,True
915,45,mistral,action,utilitarianism,True
916,46,mistral,action,utilitarianism,True
917,47,mistral,action,utilitarianism,True
918,48,mistral,action,utilitarianism,False
919,49,mistral,action,utilitarianism,False
920,50,mistral,action,utilitarianism,False
921,51,mistral,action,utilitarianism,True
922,52,mistral,action,utilitarianism,True
923,53,mistral,action,utilitarianism,False
924,54,mistral,action,utilitarianism,True
925,55,mistral,action,utilitarianism,True
926,56,mistral,action,utilitarianism,False
927,57,mistral,action,utilitarianism,False
928,58,mistral,action,utilitarianism,False
929,59,mistral,action,utilitarianism,False
930,60,mistral,action,utilitarianism,True
931,61,mistral,action,utilitarianism,True
932,62,mistral,action,utilitarianism,True
933,63,mistral,action,utilitarianism,False
934,64,mistral,action,utilitarianism,False
935,65,mistral,action,utilitarianism,True
936,66,mistral,action,utilitarianism,True
937,67,mistral,action,utilitarianism,True
938,68,mistral,action,utilitarianism,True
939,69,mistral,action,utilitarianism,True
940,70,mistral,action,utilitarianism,True
941,71,mistral,action,utilitarianism,True
942,72,mistral,action,utilitarianism,False
943,73,mistral,action,utilitarianism,True
944,74,mistral,action,utilitarianism,True
945,75,mistral,action,utilitarianism,True
946,76,mistral,action,utilitarianism,False
947,77,mistral,action,utilitarianism,True
948,78,mistral,action,utilitarianism,False
949,79,mistral,action,utilitarianism,True
950,80,mistral,action,utilitarianism,False
951,81,mistral,action,utilitarianism,True
952,82,mistral,action,utilitarianism,False
953,83,mistral,action,utilitarianism,False
954,84,mistral,action,utilitarianism,True
955,85,mistral,action,utilitarianism,True
956,86,mistral,action,utilitarianism,False
957,0,mistral,action,deontology,False
958,1,mistral,action,deontology,False
959,2,mistral,action,deontology,True
960,3,mistral,action,deontology,False
961,4,mistral,action,deontology,True
962,5,mistral,action,deontology,False
963,6,mistral,action,deontology,False
964,7,mistral,action,deontology,False
965,8,mistral,action,deontology,True
966,9,mistral,action,deontology,True
967,10,mistral,action,deontology,False
968,11,mistral,action,deontology,True
969,12,mistral,action,deontology,True
970,13,mistral,action,deontology,False
971,14,mistral,action,deontology,False
972,15,mistral,action,deontology,False
973,16,mistral,action,deontology,True
974,17,mistral,action,deontology,True
975,18,mistral,action,deontology,False
976,19,mistral,action,deontology,True
977,20,mistral,action,deontology,True
978,21,mistral,action,deontology,False
979,22,mistral,action,deontology,True
980,23,mistral,action,deontology,True
981,24,mistral,action,deontology,True
982,25,mistral,action,deontology,False
983,26,mistral,action,deontology,True
984,27,mistral,action,deontology,True
985,28,mistral,action,deontology,False
986,29,mistral,action,deontology,True
987,30,mistral,action,deontology,True
988,31,mistral,action,deontology,False
989,32,mistral,action,deontology,False
990,33,mistral,action,deontology,False
991,34,mistral,action,deontology,True
992,35,mistral,action,deontology,False
993,36,mistral,action,deontology,False
994,37,mistral,action,deontology,True
995,38,mistral,action,deontology,True
996,39,mistral,action,deontology,False
997,40,mistral,action,deontology,False
998,41,mistral,action,deontology,True
999,42,mistral,action,deontology,False
1000,43,mistral,action,deontology,False
1001,44,mistral,action,deontology,True
1002,45,mistral,action,deontology,True
1003,46,mistral,action,deontology,True
1004,47,mistral,action,deontology,True
1005,48,mistral,action,deontology,False
1006,49,mistral,action,deontology,False
1007,50,mistral,action,deontology,True
1008,51,mistral,action,deontology,True
1009,52,mistral,action,deontology,True
1010,53,mistral,action,deontology,False
1011,54,mistral,action,deontology,True
1012,55,mistral,action,deontology,True
1013,56,mistral,action,deontology,False
1014,57,mistral,action,deontology,False
1015,58,mistral,action,deontology,True
1016,59,mistral,action,deontology,True
1017,60,mistral,action,deontology,True
1018,61,mistral,action,deontology,False
1019,62,mistral,action,deontology,True
1020,63,mistral,action,deontology,False
1021,64,mistral,action,deontology,True
1022,65,mistral,action,deontology,False
1023,66,mistral,action,deontology,True
1024,67,mistral,action,deontology,True
1025,68,mistral,action,deontology,False
1026,69,mistral,action,deontology,True
1027,70,mistral,action,deontology,False
1028,71,mistral,action,deontology,False
1029,72,mistral,action,deontology,True
1030,73,mistral,action,deontology,True
1031,74,mistral,action,deontology,True
1032,75,mistral,action,deontology,False
1033,76,mistral,action,deontology,True
1034,77,mistral,action,deontology,False
1035,78,mistral,action,deontology,False
1036,79,mistral,action,deontology,True
1037,80,mistral,action,deontology,False
1038,81,mistral,action,deontology,True
1039,82,mistral,action,deontology,True
1040,83,mistral,action,deontology,True
1041,84,mistral,action,deontology,True
1042,85,mistral,action,deontology,True
1043,86,mistral,action,deontology,True
1044,0,mistral,action,,True
1045,1,mistral,action,,False
1046,2,mistral,action,,True
1047,3,mistral,action,,False
1048,4,mistral,action,,True
1049,5,mistral,action,,False
1050,6,mistral,action,,False
1051,7,mistral,action,,True
1052,8,mistral,action,,True
1053,9,mistral,action,,True
1054,10,mistral,action,,False
1055,11,mistral,action,,True
1056,12,mistral,action,,False
1057,13,mistral,action,,False
1058,14,mistral,action,,False
1059,15,mistral,action,,False
1060,16,mistral,action,,True
1061,17,mistral,action,,True
1062,18,mistral,action,,False
1063,19,mistral,action,,True
1064,20,mistral,action,,True
1065,21,mistral,action,,False
1066,22,mistral,action,,True
1067,23,mistral,action,,True
1068,24,mistral,action,,True
1069,25,mistral,action,,False
1070,26,mistral,action,,False
1071,27,mistral,action,,True
1072,28,mistral,action,,False
1073,29,mistral,action,,True
1074,30,mistral,action,,True
1075,31,mistral,action,,False
1076,32,mistral,action,,False
1077,33,mistral,action,,True
1078,34,mistral,action,,True
1079,35,mistral,action,,True
1080,36,mistral,action,,False
1081,37,mistral,action,,True
1082,38,mistral,action,,True
1083,39,mistral,action,,False
1084,40,mistral,action,,True
1085,41,mistral,action,,False
1086,42,mistral,action,,False
1087,43,mistral,action,,True
1088,44,mistral,action,,True
1089,45,mistral,action,,True
1090,46,mistral,action,,True
1091,47,mistral,action,,True
1092,48,mistral,action,,False
1093,49,mistral,action,,False
1094,50,mistral,action,,True
1095,51,mistral,action,,True
1096,52,mistral,action,,True
1097,53,mistral,action,,False
1098,54,mistral,action,,True
1099,55,mistral,action,,True
1100,56,mistral,action,,True
1101,57,mistral,action,,False
1102,58,mistral,action,,True
1103,59,mistral,action,,True
1104,60,mistral,action,,True
1105,61,mistral,action,,True
1106,62,mistral,action,,True
1107,63,mistral,action,,False
1108,64,mistral,action,,False
1109,65,mistral,action,,False
1110,66,mistral,action,,True
1111,67,mistral,action,,True
1112,68,mistral,action,,True
1113,69,mistral,action,,False
1114,70,mistral,action,,True
1115,71,mistral,action,,False
1116,72,mistral,action,,False
1117,73,mistral,action,,True
1118,74,mistral,action,,True
1119,75,mistral,action,,False
1120,76,mistral,action,,True
1121,77,mistral,action,,False
1122,78,mistral,action,,False
1123,79,mistral,action,,True
1124,80,mistral,action,,False
1125,81,mistral,action,,True
1126,82,mistral,action,,False
1127,83,mistral,action,,True
1128,84,mistral,action,,True
1129,85,mistral,action,,True
1130,86,mistral,action,,False
1131,0,mistral,action,healthcare,True
1132,1,mistral,action,healthcare,False
1133,2,mistral,action,healthcare,False
1134,3,mistral,action,healthcare,False
1135,4,mistral,action,healthcare,False
1136,5,mistral,action,healthcare,True
1137,6,mistral,action,healthcare,True
1138,7,mistral,action,healthcare,False
1139,8,mistral,action,healthcare,False
1140,9,mistral,action,healthcare,True
1141,10,mistral,action,healthcare,True
1142,11,mistral,action,healthcare,True
1143,12,mistral,action,healthcare,True
1144,13,mistral,action,healthcare,False
1145,14,mistral,action,healthcare,True
1146,15,mistral,action,healthcare,True
1147,16,mistral,action,healthcare,False
1148,17,mistral,action,healthcare,True
1149,18,mistral,action,healthcare,False
1150,19,mistral,action,healthcare,True
1151,20,mistral,action,healthcare,False
1152,21,mistral,action,healthcare,False
1153,22,mistral,action,healthcare,False
1154,23,mistral,action,healthcare,False
1155,24,mistral,action,healthcare,False
1156,25,mistral,action,healthcare,False
1157,26,mistral,action,healthcare,False
1158,27,mistral,action,healthcare,True
1159,28,mistral,action,healthcare,False
1160,29,mistral,action,healthcare,False
1161,30,mistral,action,healthcare,False
1162,31,mistral,action,healthcare,False
1163,32,mistral,action,healthcare,False
1164,33,mistral,action,healthcare,False
1165,34,mistral,action,healthcare,True
1166,35,mistral,action,healthcare,False
1167,36,mistral,action,healthcare,False
1168,37,mistral,action,healthcare,True
1169,38,mistral,action,healthcare,False
1170,39,mistral,action,healthcare,False
1171,40,mistral,action,healthcare,True
1172,41,mistral,action,healthcare,True
1173,42,mistral,action,healthcare,True
1174,43,mistral,action,healthcare,False
1175,44,mistral,action,healthcare,True
1176,45,mistral,action,healthcare,True
1177,46,mistral,action,healthcare,False
1178,47,mistral,action,healthcare,False
1179,48,mistral,action,healthcare,False
1180,49,mistral,action,healthcare,False
1181,50,mistral,action,healthcare,False
1182,51,mistral,action,healthcare,True
1183,52,mistral,action,healthcare,True
1184,53,mistral,action,healthcare,False
1185,54,mistral,action,healthcare,False
1186,55,mistral,action,healthcare,True
1187,56,mistral,action,healthcare,False
1188,57,mistral,action,healthcare,False
1189,58,mistral,action,healthcare,False
1190,59,mistral,action,healthcare,False
1191,60,mistral,action,healthcare,True
1192,61,mistral,action,healthcare,True
1193,62,mistral,action,healthcare,False
1194,63,mistral,action,healthcare,False
1195,64,mistral,action,healthcare,True
1196,65,mistral,action,healthcare,False
1197,66,mistral,action,healthcare,False
1198,67,mistral,action,healthcare,True
1199,68,mistral,action,healthcare,False
1200,69,mistral,action,healthcare,False
1201,70,mistral,action,healthcare,False
1202,71,mistral,action,healthcare,True
1203,72,mistral,action,healthcare,True
1204,73,mistral,action,healthcare,False
1205,74,mistral,action,healthcare,False
1206,75,mistral,action,healthcare,True
1207,76,mistral,action,healthcare,False
1208,77,mistral,action,healthcare,True
1209,78,mistral,action,healthcare,True
1210,79,mistral,action,healthcare,True
1211,80,mistral,action,healthcare,False
1212,81,mistral,action,healthcare,True
1213,82,mistral,action,healthcare,False
1214,83,mistral,action,healthcare,False
1215,84,mistral,action,healthcare,True
1216,85,mistral,action,healthcare,True
1217,86,mistral,action,healthcare,True
1218,0,mistral,action,doctor,True
1219,1,mistral,action,doctor,False
1220,2,mistral,action,doctor,True
1221,3,mistral,action,doctor,True
1222,4,mistral,action,doctor,False
1223,5,mistral,action,doctor,True
1224,6,mistral,action,doctor,True
1225,7,mistral,action,doctor,False
1226,8,mistral,action,doctor,True
1227,9,mistral,action,doctor,True
1228,10,mistral,action,doctor,False
1229,11,mistral,action,doctor,True
1230,12,mistral,action,doctor,True
1231,13,mistral,action,doctor,False
1232,14,mistral,action,doctor,True
1233,15,mistral,action,doctor,True
1234,16,mistral,action,doctor,True
1235,17,mistral,action,doctor,True
1236,18,mistral,action,doctor,True
1237,19,mistral,action,doctor,True
1238,20,mistral,action,doctor,False
1239,21,mistral,action,doctor,True
1240,22,mistral,action,doctor,False
1241,23,mistral,action,doctor,True
1242,24,mistral,action,doctor,False
1243,25,mistral,action,doctor,False
1244,26,mistral,action,doctor,True
1245,27,mistral,action,doctor,True
1246,28,mistral,action,doctor,False
1247,29,mistral,action,doctor,False
1248,30,mistral,action,doctor,True
1249,31,mistral,action,doctor,False
1250,32,mistral,action,doctor,False
1251,33,mistral,action,doctor,False
1252,34,mistral,action,doctor,False
1253,35,mistral,action,doctor,False
1254,36,mistral,action,doctor,False
1255,37,mistral,action,doctor,True
1256,38,mistral,action,doctor,False
1257,39,mistral,action,doctor,False
1258,40,mistral,action,doctor,True
1259,41,mistral,action,doctor,True
1260,42,mistral,action,doctor,False
1261,43,mistral,action,doctor,False
1262,44,mistral,action,doctor,True
1263,45,mistral,action,doctor,True
1264,46,mistral,action,doctor,False
1265,47,mistral,action,doctor,False
1266,48,mistral,action,doctor,False
1267,49,mistral,action,doctor,False
1268,50,mistral,action,doctor,False
1269,51,mistral,action,doctor,True
1270,52,mistral,action,doctor,False
1271,53,mistral,action,doctor,False
1272,54,mistral,action,doctor,False
1273,55,mistral,action,doctor,False
1274,56,mistral,action,doctor,True
1275,57,mistral,action,doctor,False
1276,58,mistral,action,doctor,True
1277,59,mistral,action,doctor,False
1278,60,mistral,action,doctor,True
1279,61,mistral,action,doctor,True
1280,62,mistral,action,doctor,False
1281,63,mistral,action,doctor,False
1282,64,mistral,action,doctor,False
1283,65,mistral,action,doctor,False
1284,66,mistral,action,doctor,False
1285,67,mistral,action,doctor,True
1286,68,mistral,action,doctor,False
1287,69,mistral,action,doctor,False
1288,70,mistral,action,doctor,False
1289,71,mistral,action,doctor,False
1290,72,mistral,action,doctor,True
1291,73,mistral,action,doctor,False
1292,74,mistral,action,doctor,True
1293,75,mistral,action,doctor,False
1294,76,mistral,action,doctor,False
1295,77,mistral,action,doctor,False
1296,78,mistral,action,doctor,False
1297,79,mistral,action,doctor,True
1298,80,mistral,action,doctor,False
1299,81,mistral,action,doctor,True
1300,82,mistral,action,doctor,True
1301,83,mistral,action,doctor,False
1302,84,mistral,action,doctor,False
1303,85,mistral,action,doctor,False
1304,86,mistral,action,doctor,True
1305,0,mistral,outcome,no_ethics,True
1306,1,mistral,outcome,no_ethics,False
1307,2,mistral,outcome,no_ethics,True
1308,3,mistral,outcome,no_ethics,False
1309,4,mistral,outcome,no_ethics,True
1310,5,mistral,outcome,no_ethics,False
1311,6,mistral,outcome,no_ethics,True
1312,7,mistral,outcome,no_ethics,False
1313,8,mistral,outcome,no_ethics,True
1314,9,mistral,outcome,no_ethics,True
1315,10,mistral,outcome,no_ethics,False
1316,11,mistral,outcome,no_ethics,True
1317,12,mistral,outcome,no_ethics,True
1318,13,mistral,outcome,no_ethics,False
1319,14,mistral,outcome,no_ethics,True
1320,15,mistral,outcome,no_ethics,False
1321,16,mistral,outcome,no_ethics,True
1322,17,mistral,outcome,no_ethics,True
1323,18,mistral,outcome,no_ethics,False
1324,19,mistral,outcome,no_ethics,True
1325,20,mistral,outcome,no_ethics,True
1326,21,mistral,outcome,no_ethics,False
1327,22,mistral,outcome,no_ethics,True
1328,23,mistral,outcome,no_ethics,True
1329,24,mistral,outcome,no_ethics,True
1330,25,mistral,outcome,no_ethics,False
1331,26,mistral,outcome,no_ethics,False
1332,27,mistral,outcome,no_ethics,True
1333,28,mistral,outcome,no_ethics,False
1334,29,mistral,outcome,no_ethics,False
1335,30,mistral,outcome,no_ethics,True
1336,31,mistral,outcome,no_ethics,True
1337,32,mistral,outcome,no_ethics,False
1338,33,mistral,outcome,no_ethics,False
1339,34,mistral,outcome,no_ethics,False
1340,35,mistral,outcome,no_ethics,False
1341,36,mistral,outcome,no_ethics,True
1342,37,mistral,outcome,no_ethics,True
1343,38,mistral,outcome,no_ethics,True
1344,39,mistral,outcome,no_ethics,False
1345,40,mistral,outcome,no_ethics,True
1346,41,mistral,outcome,no_ethics,True
1347,42,mistral,outcome,no_ethics,False
1348,43,mistral,outcome,no_ethics,True
1349,44,mistral,outcome,no_ethics,True
1350,45,mistral,outcome,no_ethics,True
1351,46,mistral,outcome,no_ethics,False
1352,47,mistral,outcome,no_ethics,False
1353,48,mistral,outcome,no_ethics,False
1354,49,mistral,outcome,no_ethics,True
1355,50,mistral,outcome,no_ethics,False
1356,51,mistral,outcome,no_ethics,True
1357,52,mistral,outcome,no_ethics,True
1358,53,mistral,outcome,no_ethics,False
1359,54,mistral,outcome,no_ethics,True
1360,55,mistral,outcome,no_ethics,True
1361,56,mistral,outcome,no_ethics,False
1362,57,mistral,outcome,no_ethics,False
1363,58,mistral,outcome,no_ethics,True
1364,59,mistral,outcome,no_ethics,True
1365,60,mistral,outcome,no_ethics,True
1366,61,mistral,outcome,no_ethics,True
1367,62,mistral,outcome,no_ethics,True
1368,63,mistral,outcome,no_ethics,False
1369,64,mistral,outcome,no_ethics,False
1370,65,mistral,outcome,no_ethics,False
1371,66,mistral,outcome,no_ethics,True
1372,67,mistral,outcome,no_ethics,True
1373,68,mistral,outcome,no_ethics,False
1374,69,mistral,outcome,no_ethics,True
1375,70,mistral,outcome,no_ethics,True
1376,71,mistral,outcome,no_ethics,False
1377,72,mistral,outcome,no_ethics,True
1378,73,mistral,outcome,no_ethics,True
1379,74,mistral,outcome,no_ethics,True
1380,75,mistral,outcome,no_ethics,False
1381,76,mistral,outcome,no_ethics,True
1382,77,mistral,outcome,no_ethics,False
1383,78,mistral,outcome,no_ethics,False
1384,79,mistral,outcome,no_ethics,True
1385,80,mistral,outcome,no_ethics,False
1386,81,mistral,outcome,no_ethics,True
1387,82,mistral,outcome,no_ethics,True
1388,83,mistral,outcome,no_ethics,True
1389,84,mistral,outcome,no_ethics,True
1390,85,mistral,outcome,no_ethics,True
1391,86,mistral,outcome,no_ethics,True
1392,0,mistral,outcome,utilitarianism,True
1393,1,mistral,outcome,utilitarianism,False
1394,2,mistral,outcome,utilitarianism,True
1395,3,mistral,outcome,utilitarianism,False
1396,4,mistral,outcome,utilitarianism,False
1397,5,mistral,outcome,utilitarianism,False
1398,6,mistral,outcome,utilitarianism,True
1399,7,mistral,outcome,utilitarianism,False
1400,8,mistral,outcome,utilitarianism,True
1401,9,mistral,outcome,utilitarianism,True
1402,10,mistral,outcome,utilitarianism,False
1403,11,mistral,outcome,utilitarianism,True
1404,12,mistral,outcome,utilitarianism,True
1405,13,mistral,outcome,utilitarianism,False
1406,14,mistral,outcome,utilitarianism,True
1407,15,mistral,outcome,utilitarianism,False
1408,16,mistral,outcome,utilitarianism,True
1409,17,mistral,outcome,utilitarianism,True
1410,18,mistral,outcome,utilitarianism,False
1411,19,mistral,outcome,utilitarianism,False
1412,20,mistral,outcome,utilitarianism,True
1413,21,mistral,outcome,utilitarianism,False
1414,22,mistral,outcome,utilitarianism,False
1415,23,mistral,outcome,utilitarianism,False
1416,24,mistral,outcome,utilitarianism,True
1417,25,mistral,outcome,utilitarianism,True
1418,26,mistral,outcome,utilitarianism,True
1419,27,mistral,outcome,utilitarianism,True
1420,28,mistral,outcome,utilitarianism,False
1421,29,mistral,outcome,utilitarianism,False
1422,30,mistral,outcome,utilitarianism,True
1423,31,mistral,outcome,utilitarianism,False
1424,32,mistral,outcome,utilitarianism,False
1425,33,mistral,outcome,utilitarianism,False
1426,34,mistral,outcome,utilitarianism,True
1427,35,mistral,outcome,utilitarianism,False
1428,36,mistral,outcome,utilitarianism,False
1429,37,mistral,outcome,utilitarianism,True
1430,38,mistral,outcome,utilitarianism,True
1431,39,mistral,outcome,utilitarianism,False
1432,40,mistral,outcome,utilitarianism,True
1433,41,mistral,outcome,utilitarianism,False
1434,42,mistral,outcome,utilitarianism,False
1435,43,mistral,outcome,utilitarianism,True
1436,44,mistral,outcome,utilitarianism,True
1437,45,mistral,outcome,utilitarianism,True
1438,46,mistral,outcome,utilitarianism,True
1439,47,mistral,outcome,utilitarianism,False
1440,48,mistral,outcome,utilitarianism,False
1441,49,mistral,outcome,utilitarianism,False
1442,50,mistral,outcome,utilitarianism,False
1443,51,mistral,outcome,utilitarianism,True
1444,52,mistral,outcome,utilitarianism,True
1445,53,mistral,outcome,utilitarianism,True
1446,54,mistral,outcome,utilitarianism,True
1447,55,mistral,outcome,utilitarianism,True
1448,56,mistral,outcome,utilitarianism,False
1449,57,mistral,outcome,utilitarianism,True
1450,58,mistral,outcome,utilitarianism,False
1451,59,mistral,outcome,utilitarianism,True
1452,60,mistral,outcome,utilitarianism,True
1453,61,mistral,outcome,utilitarianism,True
1454,62,mistral,outcome,utilitarianism,False
1455,63,mistral,outcome,utilitarianism,False
1456,64,mistral,outcome,utilitarianism,True
1457,65,mistral,outcome,utilitarianism,False
1458,66,mistral,outcome,utilitarianism,False
1459,67,mistral,outcome,utilitarianism,True
1460,68,mistral,outcome,utilitarianism,False
1461,69,mistral,outcome,utilitarianism,False
1462,70,mistral,outcome,utilitarianism,False
1463,71,mistral,outcome,utilitarianism,False
1464,72,mistral,outcome,utilitarianism,True
1465,73,mistral,outcome,utilitarianism,False
1466,74,mistral,outcome,utilitarianism,True
1467,75,mistral,outcome,utilitarianism,True
1468,76,mistral,outcome,utilitarianism,False
1469,77,mistral,outcome,utilitarianism,False
1470,78,mistral,outcome,utilitarianism,False
1471,79,mistral,outcome,utilitarianism,True
1472,80,mistral,outcome,utilitarianism,False
1473,81,mistral,outcome,utilitarianism,True
1474,82,mistral,outcome,utilitarianism,True
1475,83,mistral,outcome,utilitarianism,True
1476,84,mistral,outcome,utilitarianism,True
1477,85,mistral,outcome,utilitarianism,False
1478,86,mistral,outcome,utilitarianism,True
1479,0,mistral,outcome,deontology,False
1480,1,mistral,outcome,deontology,False
1481,2,mistral,outcome,deontology,False
1482,3,mistral,outcome,deontology,False
1483,4,mistral,outcome,deontology,False
1484,5,mistral,outcome,deontology,False
1485,6,mistral,outcome,deontology,True
1486,7,mistral,outcome,deontology,False
1487,8,mistral,outcome,deontology,True
1488,9,mistral,outcome,deontology,True
1489,10,mistral,outcome,deontology,False
1490,11,mistral,outcome,deontology,True
1491,12,mistral,outcome,deontology,True
1492,13,mistral,outcome,deontology,False
1493,14,mistral,outcome,deontology,True
1494,15,mistral,outcome,deontology,False
1495,16,mistral,outcome,deontology,True
1496,17,mistral,outcome,deontology,True
1497,18,mistral,outcome,deontology,False
1498,19,mistral,outcome,deontology,False
1499,20,mistral,outcome,deontology,True
1500,21,mistral,outcome,deontology,False
1501,22,mistral,outcome,deontology,False
1502,23,mistral,outcome,deontology,True
1503,24,mistral,outcome,deontology,True
1504,25,mistral,outcome,deontology,False
1505,26,mistral,outcome,deontology,True
1506,27,mistral,outcome,deontology,True
1507,28,mistral,outcome,deontology,False
1508,29,mistral,outcome,deontology,False
1509,30,mistral,outcome,deontology,True
1510,31,mistral,outcome,deontology,True
1511,32,mistral,outcome,deontology,False
1512,33,mistral,outcome,deontology,False
1513,34,mistral,outcome,deontology,True
1514,35,mistral,outcome,deontology,False
1515,36,mistral,outcome,deontology,False
1516,37,mistral,outcome,deontology,True
1517,38,mistral,outcome,deontology,False
1518,39,mistral,outcome,deontology,False
1519,40,mistral,outcome,deontology,True
1520,41,mistral,outcome,deontology,False
1521,42,mistral,outcome,deontology,True
1522,43,mistral,outcome,deontology,True
1523,44,mistral,outcome,deontology,True
1524,45,mistral,outcome,deontology,True
1525,46,mistral,outcome,deontology,False
1526,47,mistral,outcome,deontology,False
1527,48,mistral,outcome,deontology,False
1528,49,mistral,outcome,deontology,False
1529,50,mistral,outcome,deontology,False
1530,51,mistral,outcome,deontology,True
1531,52,mistral,outcome,deontology,False
1532,53,mistral,outcome,deontology,False
1533,54,mistral,outcome,deontology,True
1534,55,mistral,outcome,deontology,True
1535,56,mistral,outcome,deontology,False
1536,57,mistral,outcome,deontology,False
1537,58,mistral,outcome,deontology,False
1538,59,mistral,outcome,deontology,False
1539,60,mistral,outcome,deontology,True
1540,61,mistral,outcome,deontology,False
1541,62,mistral,outcome,deontology,False
1542,63,mistral,outcome,deontology,False
1543,64,mistral,outcome,deontology,True
1544,65,mistral,outcome,deontology,False
1545,66,mistral,outcome,deontology,False
1546,67,mistral,outcome,deontology,True
1547,68,mistral,outcome,deontology,True
1548,69,mistral,outcome,deontology,True
1549,70,mistral,outcome,deontology,False
1550,71,mistral,outcome,deontology,True
1551,72,mistral,outcome,deontology,True
1552,73,mistral,outcome,deontology,False
1553,74,mistral,outcome,deontology,True
1554,75,mistral,outcome,deontology,False
1555,76,mistral,outcome,deontology,False
1556,77,mistral,outcome,deontology,True
1557,78,mistral,outcome,deontology,False
1558,79,mistral,outcome,deontology,True
1559,80,mistral,outcome,deontology,False
1560,81,mistral,outcome,deontology,True
1561,82,mistral,outcome,deontology,True
1562,83,mistral,outcome,deontology,False
1563,84,mistral,outcome,deontology,True
1564,85,mistral,outcome,deontology,True
1565,86,mistral,outcome,deontology,False
1566,0,mistral,outcome,,False
1567,1,mistral,outcome,,False
1568,2,mistral,outcome,,True
1569,3,mistral,outcome,,False
1570,4,mistral,outcome,,False
1571,5,mistral,outcome,,False
1572,6,mistral,outcome,,True
1573,7,mistral,outcome,,True
1574,8,mistral,outcome,,True
1575,9,mistral,outcome,,True
1576,10,mistral,outcome,,False
1577,11,mistral,outcome,,False
1578,12,mistral,outcome,,True
1579,13,mistral,outcome,,False
1580,14,mistral,outcome,,True
1581,15,mistral,outcome,,False
1582,16,mistral,outcome,,True
1583,17,mistral,outcome,,True
1584,18,mistral,outcome,,False
1585,19,mistral,outcome,,True
1586,20,mistral,outcome,,True
1587,21,mistral,outcome,,False
1588,22,mistral,outcome,,False
1589,23,mistral,outcome,,False
1590,24,mistral,outcome,,True
1591,25,mistral,outcome,,True
1592,26,mistral,outcome,,True
1593,27,mistral,outcome,,True
1594,28,mistral,outcome,,False
1595,29,mistral,outcome,,True
1596,30,mistral,outcome,,True
1597,31,mistral,outcome,,False
1598,32,mistral,outcome,,False
1599,33,mistral,outcome,,False
1600,34,mistral,outcome,,True
1601,35,mistral,outcome,,False
1602,36,mistral,outcome,,True
1603,37,mistral,outcome,,True
1604,38,mistral,outcome,,True
1605,39,mistral,outcome,,False
1606,40,mistral,outcome,,True
1607,41,mistral,outcome,,False
1608,42,mistral,outcome,,False
1609,43,mistral,outcome,,False
1610,44,mistral,outcome,,True
1611,45,mistral,outcome,,True
1612,46,mistral,outcome,,True
1613,47,mistral,outcome,,False
1614,48,mistral,outcome,,False
1615,49,mistral,outcome,,False
1616,50,mistral,outcome,,False
1617,51,mistral,outcome,,True
1618,52,mistral,outcome,,True
1619,53,mistral,outcome,,True
1620,54,mistral,outcome,,True
1621,55,mistral,outcome,,True
1622,56,mistral,outcome,,False
1623,57,mistral,outcome,,False
1624,58,mistral,outcome,,True
1625,59,mistral,outcome,,False
1626,60,mistral,outcome,,True
1627,61,mistral,outcome,,False
1628,62,mistral,outcome,,False
1629,63,mistral,outcome,,False
1630,64,mistral,outcome,,False
1631,65,mistral,outcome,,False
1632,66,mistral,outcome,,True
1633,67,mistral,outcome,,True
1634,68,mistral,outcome,,False
1635,69,mistral,outcome,,True
1636,70,mistral,outcome,,True
1637,71,mistral,outcome,,False
1638,72,mistral,outcome,,True
1639,73,mistral,outcome,,True
1640,74,mistral,outcome,,True
1641,75,mistral,outcome,,False
1642,76,mistral,outcome,,True
1643,77,mistral,outcome,,False
1644,78,mistral,outcome,,False
1645,79,mistral,outcome,,True
1646,80,mistral,outcome,,False
1647,81,mistral,outcome,,True
1648,82,mistral,outcome,,False
1649,83,mistral,outcome,,False
1650,84,mistral,outcome,,True
1651,85,mistral,outcome,,True
1652,86,mistral,outcome,,True
1653,0,mistral,outcome,healthcare,True
1654,1,mistral,outcome,healthcare,False
1655,2,mistral,outcome,healthcare,False
1656,3,mistral,outcome,healthcare,False
1657,4,mistral,outcome,healthcare,False
1658,5,mistral,outcome,healthcare,True
1659,6,mistral,outcome,healthcare,True
1660,7,mistral,outcome,healthcare,False
1661,8,mistral,outcome,healthcare,False
1662,9,mistral,outcome,healthcare,True
1663,10,mistral,outcome,healthcare,False
1664,11,mistral,outcome,healthcare,True
1665,12,mistral,outcome,healthcare,False
1666,13,mistral,outcome,healthcare,True
1667,14,mistral,outcome,healthcare,True
1668,15,mistral,outcome,healthcare,True
1669,16,mistral,outcome,healthcare,False
1670,17,mistral,outcome,healthcare,True
1671,18,mistral,outcome,healthcare,False
1672,19,mistral,outcome,healthcare,False
1673,20,mistral,outcome,healthcare,False
1674,21,mistral,outcome,healthcare,True
1675,22,mistral,outcome,healthcare,False
1676,23,mistral,outcome,healthcare,False
1677,24,mistral,outcome,healthcare,False
1678,25,mistral,outcome,healthcare,False
1679,26,mistral,outcome,healthcare,False
1680,27,mistral,outcome,healthcare,True
1681,28,mistral,outcome,healthcare,False
1682,29,mistral,outcome,healthcare,False
1683,30,mistral,outcome,healthcare,True
1684,31,mistral,outcome,healthcare,True
1685,32,mistral,outcome,healthcare,False
1686,33,mistral,outcome,healthcare,False
1687,34,mistral,outcome,healthcare,False
1688,35,mistral,outcome,healthcare,False
1689,36,mistral,outcome,healthcare,False
1690,37,mistral,outcome,healthcare,False
1691,38,mistral,outcome,healthcare,True
1692,39,mistral,outcome,healthcare,False
1693,40,mistral,outcome,healthcare,True
1694,41,mistral,outcome,healthcare,False
1695,42,mistral,outcome,healthcare,True
1696,43,mistral,outcome,healthcare,True
1697,44,mistral,outcome,healthcare,True
1698,45,mistral,outcome,healthcare,True
1699,46,mistral,outcome,healthcare,False
1700,47,mistral,outcome,healthcare,False
1701,48,mistral,outcome,healthcare,False
1702,49,mistral,outcome,healthcare,False
1703,50,mistral,outcome,healthcare,False
1704,51,mistral,outcome,healthcare,True
1705,52,mistral,outcome,healthcare,False
1706,53,mistral,outcome,healthcare,False
1707,54,mistral,outcome,healthcare,False
1708,55,mistral,outcome,healthcare,False
1709,56,mistral,outcome,healthcare,False
1710,57,mistral,outcome,healthcare,False
1711,58,mistral,outcome,healthcare,False
1712,59,mistral,outcome,healthcare,True
1713,60,mistral,outcome,healthcare,True
1714,61,mistral,outcome,healthcare,True
1715,62,mistral,outcome,healthcare,False
1716,63,mistral,outcome,healthcare,False
1717,64,mistral,outcome,healthcare,True
1718,65,mistral,outcome,healthcare,False
1719,66,mistral,outcome,healthcare,False
1720,67,mistral,outcome,healthcare,True
1721,68,mistral,outcome,healthcare,False
1722,69,mistral,outcome,healthcare,False
1723,70,mistral,outcome,healthcare,False
1724,71,mistral,outcome,healthcare,False
1725,72,mistral,outcome,healthcare,True
1726,73,mistral,outcome,healthcare,False
1727,74,mistral,outcome,healthcare,False
1728,75,mistral,outcome,healthcare,True
1729,76,mistral,outcome,healthcare,True
1730,77,mistral,outcome,healthcare,False
1731,78,mistral,outcome,healthcare,False
1732,79,mistral,outcome,healthcare,True
1733,80,mistral,outcome,healthcare,False
1734,81,mistral,outcome,healthcare,True
1735,82,mistral,outcome,healthcare,True
1736,83,mistral,outcome,healthcare,False
1737,84,mistral,outcome,healthcare,True
1738,85,mistral,outcome,healthcare,False
1739,86,mistral,outcome,healthcare,True
1740,0,mistral,outcome,doctor,True
1741,1,mistral,outcome,doctor,False
1742,2,mistral,outcome,doctor,True
1743,3,mistral,outcome,doctor,True
1744,4,mistral,outcome,doctor,False
1745,5,mistral,outcome,doctor,False
1746,6,mistral,outcome,doctor,False
1747,7,mistral,outcome,doctor,False
1748,8,mistral,outcome,doctor,False
1749,9,mistral,outcome,doctor,True
1750,10,mistral,outcome,doctor,False
1751,11,mistral,outcome,doctor,True
1752,12,mistral,outcome,doctor,True
1753,13,mistral,outcome,doctor,True
1754,14,mistral,outcome,doctor,True
1755,15,mistral,outcome,doctor,False
1756,16,mistral,outcome,doctor,False
1757,17,mistral,outcome,doctor,True
1758,18,mistral,outcome,doctor,True
1759,19,mistral,outcome,doctor,True
1760,20,mistral,outcome,doctor,False
1761,21,mistral,outcome,doctor,False
1762,22,mistral,outcome,doctor,False
1763,23,mistral,outcome,doctor,False
1764,24,mistral,outcome,doctor,False
1765,25,mistral,outcome,doctor,False
1766,26,mistral,outcome,doctor,True
1767,27,mistral,outcome,doctor,True
1768,28,mistral,outcome,doctor,False
1769,29,mistral,outcome,doctor,False
1770,30,mistral,outcome,doctor,True
1771,31,mistral,outcome,doctor,True
1772,32,mistral,outcome,doctor,False
1773,33,mistral,outcome,doctor,False
1774,34,mistral,outcome,doctor,False
1775,35,mistral,outcome,doctor,False
1776,36,mistral,outcome,doctor,False
1777,37,mistral,outcome,doctor,False
1778,38,mistral,outcome,doctor,True
1779,39,mistral,outcome,doctor,True
1780,40,mistral,outcome,doctor,True
1781,41,mistral,outcome,doctor,True
1782,42,mistral,outcome,doctor,True
1783,43,mistral,outcome,doctor,True
1784,44,mistral,outcome,doctor,True
1785,45,mistral,outcome,doctor,True
1786,46,mistral,outcome,doctor,False
1787,47,mistral,outcome,doctor,False
1788,48,mistral,outcome,doctor,False
1789,49,mistral,outcome,doctor,False
1790,50,mistral,outcome,doctor,False
1791,51,mistral,outcome,doctor,True
1792,52,mistral,outcome,doctor,False
1793,53,mistral,outcome,doctor,False
1794,54,mistral,outcome,doctor,False
1795,55,mistral,outcome,doctor,True
1796,56,mistral,outcome,doctor,False
1797,57,mistral,outcome,doctor,False
1798,58,mistral,outcome,doctor,False
1799,59,mistral,outcome,doctor,True
1800,60,mistral,outcome,doctor,True
1801,61,mistral,outcome,doctor,True
1802,62,mistral,outcome,doctor,False
1803,63,mistral,outcome,doctor,False
1804,64,mistral,outcome,doctor,False
1805,65,mistral,outcome,doctor,False
1806,66,mistral,outcome,doctor,False
1807,67,mistral,outcome,doctor,False
1808,68,mistral,outcome,doctor,False
1809,69,mistral,outcome,doctor,True
1810,70,mistral,outcome,doctor,False
1811,71,mistral,outcome,doctor,True
1812,72,mistral,outcome,doctor,True
1813,73,mistral,outcome,doctor,False
1814,74,mistral,outcome,doctor,False
1815,75,mistral,outcome,doctor,True
1816,76,mistral,outcome,doctor,True
1817,77,mistral,outcome,doctor,True
1818,78,mistral,outcome,doctor,False
1819,79,mistral,outcome,doctor,False
1820,80,mistral,outcome,doctor,True
1821,81,mistral,outcome,doctor,True
1822,82,mistral,outcome,doctor,True
1823,83,mistral,outcome,doctor,False
1824,84,mistral,outcome,doctor,True
1825,85,mistral,outcome,doctor,False
1826,86,mistral,outcome,doctor,False
